-- phpMyAdmin SQL Dump
-- version 4.5.1
-- http://www.phpmyadmin.net
--
-- Host: 127.0.0.1
-- Generation Time: Aug 18, 2016 at 04:38 AM
-- Server version: 10.1.13-MariaDB
-- PHP Version: 7.0.8

SET SQL_MODE = "NO_AUTO_VALUE_ON_ZERO";
SET time_zone = "+00:00";


/*!40101 SET @OLD_CHARACTER_SET_CLIENT=@@CHARACTER_SET_CLIENT */;
/*!40101 SET @OLD_CHARACTER_SET_RESULTS=@@CHARACTER_SET_RESULTS */;
/*!40101 SET @OLD_COLLATION_CONNECTION=@@COLLATION_CONNECTION */;
/*!40101 SET NAMES utf8mb4 */;

--
-- Database: `project_sport`
--

-- --------------------------------------------------------

--
-- Table structure for table `tbl_adv`
--

CREATE TABLE `tbl_adv` (
  `pk_adv_id` int(11) NOT NULL,
  `c_img` varchar(200) NOT NULL,
  `c_url` varchar(400) NOT NULL
) ENGINE=InnoDB DEFAULT CHARSET=utf8;

--
-- Dumping data for table `tbl_adv`
--

INSERT INTO `tbl_adv` (`pk_adv_id`, `c_img`, `c_url`) VALUES
(2, 'public/upload/adv/14712221233.jpg', 'http://ngoisao.net'),
(4, 'public/upload/adv/1471222370thumb_95790c24df2d09.jpeg', 'http://www.yan.vn/rio2016/truc-tiep.html'),
(5, 'public/upload/adv/1471222408thumb_95790b5233c9fa.jpg', 'http://facebook.com');

-- --------------------------------------------------------

--
-- Table structure for table `tbl_category_news_child`
--

CREATE TABLE `tbl_category_news_child` (
  `pk_category_news_child_id` int(11) NOT NULL,
  `pk_category_news_parent_id` int(11) NOT NULL,
  `c_name` varchar(300) NOT NULL
) ENGINE=InnoDB DEFAULT CHARSET=utf8;

--
-- Dumping data for table `tbl_category_news_child`
--

INSERT INTO `tbl_category_news_child` (`pk_category_news_child_id`, `pk_category_news_parent_id`, `c_name`) VALUES
(5, 8, 'Tin Euro'),
(8, 8, 'Lịch thi đấu - Kết quả'),
(10, 18, 'Ảnh đẹp'),
(11, 8, 'Video'),
(12, 8, 'Bài hát Euro'),
(13, 8, 'Các kỳ Euro'),
(14, 12, 'Bóng đá TBN'),
(15, 12, 'Bóng đá Anh'),
(16, 12, 'Bóng đá Ý'),
(17, 12, 'Bóng đá Pháp'),
(18, 12, 'Bóng đá Đức'),
(19, 12, 'Bóng đá Châu Âu'),
(20, 12, 'Bóng đá Châu Á'),
(21, 12, 'Bóng đá Châu Mỹ'),
(22, 13, 'V-League'),
(23, 13, 'Hạng nhất'),
(24, 14, 'Bảng xếp hạng'),
(25, 15, 'Tin quần vợt'),
(26, 15, 'Cách chơi'),
(27, 14, 'Lịch thi đấu-Kết quả'),
(28, 17, 'Chuyển nhượng');

-- --------------------------------------------------------

--
-- Table structure for table `tbl_category_news_parent`
--

CREATE TABLE `tbl_category_news_parent` (
  `pk_category_news_parent_id` int(11) NOT NULL,
  `c_name` varchar(200) NOT NULL
) ENGINE=InnoDB DEFAULT CHARSET=utf8;

--
-- Dumping data for table `tbl_category_news_parent`
--

INSERT INTO `tbl_category_news_parent` (`pk_category_news_parent_id`, `c_name`) VALUES
(8, 'EURO 2016'),
(12, 'QUỐC TẾ'),
(13, 'VIỆT NAM'),
(14, 'CHAMPIONs LEAGUE'),
(15, 'QUẦN VỢT'),
(16, 'BÊN LỀ'),
(17, 'Chuyển nhượng'),
(18, 'photos');

-- --------------------------------------------------------

--
-- Table structure for table `tbl_featured_news`
--

CREATE TABLE `tbl_featured_news` (
  `pk_featured_news_id` int(11) NOT NULL,
  `c_name` varchar(200) NOT NULL,
  `c_description` varchar(500) NOT NULL,
  `c_content` text NOT NULL,
  `c_img` varchar(300) NOT NULL
) ENGINE=InnoDB DEFAULT CHARSET=utf8;

--
-- Dumping data for table `tbl_featured_news`
--

INSERT INTO `tbl_featured_news` (`pk_featured_news_id`, `c_name`, `c_description`, `c_content`, `c_img`) VALUES
(6, '5 điểm nhấn sau trận Bournemouth - Manchester United ', '(TinTheThao.com.vn) - Không bất ngờ và đúng như kì vọng, Man United đã giành thắng lợi 3-1 trên sân Bounemouth trong trận mở màn Premier League. Dưới đây là những điểm nhấn đáng chú ý được rút ra.', '<p><strong>1. C&acirc;u trả lời của Juan Mata</strong></p>\r\n\r\n<p>Tương lai của Mata bị đặt dấu hỏi lớn khi Jose Mourinho đến Old Trafford. Nhưng anh vẫn được Người đặc biệt trọng dụng trong trận mở m&agrave;n Premier League của Man United chứ kh&ocirc;ng phải t&acirc;n binh đắt gi&aacute; Henrikh Mkhitaryan. Mata đ&atilde; c&oacute; những ph&uacute;t thi đấu kh&aacute; ấn tượng khi xử l&yacute; b&oacute;ng gọn g&agrave;ng, t&iacute;ch cực ph&ograve;ng ngự v&agrave; ch&iacute;nh anh l&agrave; người khai th&ocirc;ng thế bế tắc cho Quỷ đỏ.</p>\r\n\r\n<p><strong>2. Eric Bailly qu&aacute; xuất sắc</strong></p>\r\n\r\n<p>Trước khi đến Man United, Bailly c&ograve;n chưa được biết đến nhiều. Anh kho&aacute;c &aacute;o Quỷ đỏ trong mu&ocirc;n v&agrave;n sự ho&agrave;i nghi. V&agrave; rồi, cựu trung vệ Villarreal đ&atilde; xua đi tất cả. Anh tỏ ra đầy chững chạc, mạnh mẽ, chắc chắn nơi trung t&acirc;m h&agrave;ng thủ Man United v&agrave; sẽ l&agrave; trụ cột của đội b&oacute;ng ở hiện tại lẫn tương lai.</p>\r\n\r\n<p><strong>3. Marouane Fellaini vẫn c&oacute; chỗ đứng</strong></p>\r\n\r\n<p>Khi Paul Pogba chưa thể c&oacute; trận ra mắt Quỷ đỏ, Fellaini đ&atilde; được Mourinho tin d&ugrave;ng. Anh kh&ocirc;ng khiến người xem phải thất vọng với khả năng bao qu&aacute;t tuyến giữa tốt. Kh&ocirc;ng chỉ ngăn chặn những đợt tấn c&ocirc;ng của đội chủ nh&agrave;, tiền vệ người Bỉ c&ograve;n ph&acirc;n phối b&oacute;ng hiệu quả l&ecirc;n tuyến tr&ecirc;n.</p>\r\n\r\n<p><strong>4. Đẳng cấp của Rooney v&agrave; Ibra</strong></p>\r\n\r\n<p>Kh&ocirc;ng &iacute;t người cho rằng Rooney đ&atilde; hết thời. Trong trận đấu đ&ecirc;m nay, anh cũng chịu chỉ tr&iacute;ch khi bỏ lỡ cơ hội ngon ăn d&ugrave; đối mặt với thủ m&ocirc;n Boruc. Nhưng chỉ cần một b&agrave;n thắng, Rooney đ&atilde; chứng tỏ anh vẫn rất c&oacute; &iacute;ch với Quỷ đỏ. C&ograve;n Ibra, d&ugrave; thi đấu kh&ocirc;ng qu&aacute; nổi bật, nhưng với c&uacute; s&uacute;t xa kh&ocirc;ng thể cản ph&aacute;, anh đ&atilde; khiến tất cả phải ng&atilde; mũ th&aacute;n phục v&agrave; thốt l&ecirc;n 2 tiếng &#39;đẳng cấp&#39;.</p>\r\n\r\n<p><strong>5. Nền m&oacute;ng của Jose Mourinho</strong></p>\r\n\r\n<p>Kh&ocirc;ng thể n&oacute;i Man United đ&atilde; c&oacute; chiến thắng ấn tượng, bởi Bounemouth kh&ocirc;ng qu&aacute; mạnh mẽ, v&agrave; mọi thứ chỉ tốt hơn với thầy tr&ograve; Mourinho khi Mata ghi b&agrave;n từ t&igrave;nh huống kh&aacute; may mắn. D&ugrave; sao, 3 điểm c&oacute; được gi&uacute;p Man United th&ecirc;m phần tự tin cho phần c&ograve;n lại của m&ugrave;a b&oacute;ng. C&ograve;n HLV Jose Mourinho đ&atilde; c&oacute; một tiền đề tốt để chứng tỏ, &ocirc;ng vẫn rất đặc biệt v&agrave; lợi hại sau khi bị sa thải tại Chelsea m&ugrave;a 2015/16.</p>\r\n', 'public/upload/news/14712221491.jpg'),
(7, '5 điểm nhấn sau trận Arsenal - Liverpool: Niềm tin sai lệch của Wenger', '(TinTheThao.com.vn) - Arsenal và Liverpool đã cống hiến cho NHM Premier League một trận đấu mãn nhãn khi có đến 7 bàn thắng được ghi.', '<p><strong>1. Liverpool cần gấp một hậu vệ c&aacute;nh tr&aacute;i</strong></p>\r\n\r\n<table align="center" border="0" cellpadding="1" cellspacing="1">\r\n	<tbody>\r\n		<tr>\r\n			<td><img src="http://www.tinthethao365.com.vn/uploads/news/PostImg/2016/08/15/108/957b0c19f9734d.jpg" /></td>\r\n		</tr>\r\n	</tbody>\r\n</table>\r\n\r\n<p>Alberto Moreno, như thường lệ, lại c&oacute; một trận đấu thảm hoạ. Ch&iacute;nh hậu vệ người TBN &quot;tặng&quot; cho Arsenal quả 11m trong hiệp 1, đ&aacute;ng tiếc Theo Walcott lại bỏ lỡ. D&ugrave; vậy, Moreno tiếp tục mắc sai lầm khi để hổng Walcott, gi&uacute;p tiền vệ người Anh thoải m&aacute;i dứt điểm đem về b&agrave;n mở tỉ số.</p>\r\n\r\n<p>Ngo&agrave;i việc c&acirc;n nhắc James Milner cho vị tr&iacute; hậu vệ tr&aacute;i, HLV Juergen Klopp r&otilde; r&agrave;ng cần chi&ecirc;u mộ 1 c&aacute;i t&ecirc;n ph&ugrave; hợp để v&aacute; lấp khoảng trống ngay lập tức.</p>\r\n\r\n<p><strong>2. Niềm tin sai lệch v&agrave;o lứa trẻ của Arsene Wenger</strong></p>\r\n\r\n<p>Việc HLV người Ph&aacute;p đặt niềm tin v&agrave;o bộ đ&ocirc;i hậu vệ trẻ Calum Chambers - Rob Holding khiến NHM b&agrave;ng ho&agrave;ng. V&agrave; ch&iacute;nh 2 c&aacute;i t&ecirc;n n&agrave;y mắc lỗi trong cả 3 b&agrave;n thua của Arsenal trong hiệp 2.</p>\r\n\r\n<p>Chambers gỡ gạc lại một ng&agrave;y thi đấu thảm hoạ bằng b&agrave;n r&uacute;t ngắn tỉ số xuống c&ograve;n 3-4, tuy nhi&ecirc;n như vậy l&agrave; kh&ocirc;ng đủ để Arsenal lật ngược thế cờ.</p>\r\n\r\n<p><strong>3. Xhaka vắng mặt</strong></p>\r\n\r\n<p>Wenger lại tiếp tục đưa ra quyết định kh&oacute; hiểu khi cất t&acirc;n binh đắt gi&aacute; Granit Xhaka, đồng thời đặt niềm tin v&agrave;o Coquelin v&agrave; Elneny. Hiệp 1, bộ đ&ocirc;i n&agrave;y thi đấu kh&aacute; tốt v&agrave; phong toả được những mũi xuy&ecirc;n ph&aacute; của Liverpool. Tuy nhi&ecirc;n, hiệp 2 mọi chuyện diễn ra tr&aacute;i ngược ho&agrave;n to&agrave;n.</p>\r\n\r\n<p>Klopp nhận ra yếu điểm của bộ đ&ocirc;i &quot;c&ocirc;ng nh&acirc;n&quot; n&agrave;y, đồng thời y&ecirc;u cầu những Mane, Coutinho, Lallana v&agrave; Firmino li&ecirc;n tục ho&aacute;n đổi vị tr&iacute;, khiến h&agrave;ng tiền vệ Ph&aacute;o thủ g&atilde;y vụn. V&agrave; đ&oacute; l&agrave; l&uacute;c Arsenal cần một người c&oacute; khả năng điều phối tốt như Xhaka (hoặc Cazorla).</p>\r\n\r\n<p><strong>4. Sơ đồ tiền đạo ảo của Klopp ph&aacute;t huy t&aacute;c dụng</strong></p>\r\n\r\n<table align="center" border="0" cellpadding="1" cellspacing="1">\r\n	<tbody>\r\n		<tr>\r\n			<td><img src="http://www.tinthethao365.com.vn/uploads/news/PostImg/2016/08/15/108/957b0c1a447211.jpg" /></td>\r\n		</tr>\r\n	</tbody>\r\n</table>\r\n\r\n<p>M&ugrave;a trước, ch&iacute;nh việc dũng cảm &aacute;p dụng chiếc thuật tiền đạo ảo đ&atilde; gi&uacute;p Liverpool gi&agrave;nh chiến thắng ở những trận đấu quan trọng. V&agrave; Klopp kh&ocirc;ng c&oacute; l&yacute; do g&igrave; để dừng lại.</p>\r\n\r\n<p>Trước Arsenal, bộ tứ tấn c&ocirc;ng của Liverpool ho&aacute;n đổi vị tr&iacute; li&ecirc;n tục, khiến h&agrave;ng tiền vệ Ph&aacute;o thủ mất khả năng kết nối v&agrave; nhanh ch&oacute;ng vỡ vụn. Th&ecirc;m v&agrave;o đ&oacute;, việc tận dụng tối đa sự non nớt của bộ đ&ocirc;i Chambers - Holding gi&uacute;p Liverpool dễ d&agrave;ng dẫn trước 4-1 khi trận đấu chỉ vừa bước sang ph&uacute;t 60.</p>\r\n\r\n<p><strong>5. Walcott vẫn c&ograve;n chỗ đứng</strong></p>\r\n\r\n<table align="center" border="0" cellpadding="1" cellspacing="1">\r\n	<tbody>\r\n		<tr>\r\n			<td><img src="http://www.tinthethao365.com.vn/uploads/news/PostImg/2016/08/15/108/957b0c1a1d6709.jpg" /></td>\r\n		</tr>\r\n	</tbody>\r\n</table>\r\n\r\n<p>M&ugrave;a giải trước, Walcott kh&ocirc;ng để lại nhiều ấn tượng, anh ho&agrave;n to&agrave;n bị lu mờ trước sự xuất sắc của Alexis Sanchez. Tuy nhi&ecirc;n, việc Arsenal đối diện với b&agrave;i to&aacute;n nh&acirc;n sự gi&uacute;p Walcott c&oacute; được một suất đ&aacute; ch&iacute;nh.</p>\r\n\r\n<p>D&ugrave; đ&aacute; hỏng quả 11m nhưng tiền vệ người Anh lập tức sửa sai bằng b&agrave;n thắng mở tỉ số trong hiệp 1.Trong một ng&agrave;y Sanchez bị k&egrave;m qu&aacute; s&aacute;t v&agrave; chưa đạt được thể trạng tốt nhất, những nỗ lực của Walcott rất đ&aacute;ng ghi nhận.</p>\r\n', 'public/upload/news/1471222322957b0c237dc913.jpg'),
(8, 'Thay Moreno, Liverpool đưa trò cưng Van Gaal vào tầm ngắm', '(TinTheThao.com.vn) - Theo Mirror, Liverpool đang thể hiện sự quan tâm đến trung vệ đa năng Bruno Martins Indi nhằm gia cố hàng phòng ngự.', '<table align="center" border="0" cellpadding="1" cellspacing="1">\r\n	<tbody>\r\n		<tr>\r\n			<td><img src="http://www.tinthethao365.com.vn/uploads/news/PostImg/2016/08/18/108/957b50c803c6a2.jpg" /></td>\r\n		</tr>\r\n		<tr>\r\n			<td>Martins Indi sẽ l&agrave; phương &aacute;n chữa ch&aacute;y cấp tốc cho Liverpool. Ảnh: Internet.</td>\r\n		</tr>\r\n	</tbody>\r\n</table>\r\n\r\n<p>Martins Indi hiện đang kho&aacute;c &aacute;o CLB Porto v&agrave; l&agrave; tuyển thủ quốc gia H&agrave; Lan. Ch&iacute;nh sự đa năng khi&nbsp;<strong>c&oacute; thể đ&aacute; tốt trung vệ lẫn hậu vệ c&aacute;nh</strong>&nbsp;đ&atilde; gi&uacute;p Indi lọt v&agrave;o mắt xanh của HLV Juergen Klopp.</p>\r\n\r\n<p>Chiến lược gia người Đức đang đau đầu với b&agrave;i to&aacute;n h&agrave;ng thủ của Liverpool khi Alberto Moreno vẫn thiếu ổn định, trong khi Mamadou Sakho chưa thể thi đấu, t&acirc;n binh Ragnar Klavan d&iacute;nh chấn thương c&ograve;n Martin Skrtel đ&atilde; ra đi.</p>\r\n\r\n<p>Martins Indi gia nhập Porto từ Feyenoord năm 2014 sau m&agrave;n tr&igrave;nh diễn xuất sắc tại World Cup 2014, gi&uacute;p H&agrave; Lan gi&agrave;nh vị tr&iacute; thứ 3 chung cuộc. Trung vệ n&agrave;y bất ngờ được HLV Louis van Gaal triệu tập v&agrave; l&agrave; chốt chặn đ&aacute;ng tin cậy của H&agrave; Lan. Hiện Martins Indi c&ograve;n 2 năm hợp đồng với Porto.</p>\r\n\r\n<p>Trong chiến thắng 4-3 nghẹt thở của Liverpool trước Arsenal, ai cũng c&oacute; thể thấy được h&agrave;ng thủ The Kop thi đấu như &quot;mơ ngủ&quot; thế n&agrave;o d&ugrave; đ&atilde; dẫn trước đến 4-1 chỉ sau 60 ph&uacute;t thi đấu.</p>\r\n\r\n<p>Trong một diễn biến kh&aacute;c, &quot;bom tấn&quot; Sadio Mane sau m&agrave;n tr&igrave;nh diễn thuyết phục thời gian vừa qua, bất ngờ d&iacute;nh chấn thương vai v&agrave; buộc phải rời xa s&acirc;n cỏ trong những v&ograve;ng đấu tiếp theo.</p>\r\n', 'public/upload/news/14714856341.jpg');

-- --------------------------------------------------------

--
-- Table structure for table `tbl_news`
--

CREATE TABLE `tbl_news` (
  `pk_news_id` int(11) NOT NULL,
  `c_img` varchar(200) NOT NULL,
  `c_name` varchar(200) NOT NULL,
  `c_content` text NOT NULL,
  `c_category` text NOT NULL
) ENGINE=InnoDB DEFAULT CHARSET=utf8;

--
-- Dumping data for table `tbl_news`
--

INSERT INTO `tbl_news` (`pk_news_id`, `c_img`, `c_name`, `c_content`, `c_category`) VALUES
(20, 'public/upload/news/14712606331.jpg', 'CLB của Tuấn Anh làm tan giấc mơ của bầu Đức', '<table align="center" border="0" cellpadding="1" cellspacing="1">\r\n	<tbody>\r\n		<tr>\r\n			<td><img src="http://www.tinthethao365.com.vn/uploads/news/PostImg/2016/08/15/61/957b1a54ab68b5.jpg" /></td>\r\n		</tr>\r\n		<tr>\r\n			<td>Bầu Đức (tr&aacute;i) từng kỳ vọng Yokohama FC sẽ để Tuấn Anh (giữa) chơi 70% tổng số trận. Ảnh: Quang Thịnh.</td>\r\n		</tr>\r\n	</tbody>\r\n</table>\r\n\r\n<p>Đến thời điểm n&agrave;y l&agrave; đ&atilde; tr&ograve;n 8 th&aacute;ng tiền vệ&nbsp;<a href="http://www.tinthethao365.com.vn/news/tag/Nguy%E1%BB%85n+Tu%E1%BA%A5n+Anh" target="_blank">Nguyễn Tuấn Anh</a>&nbsp;gia nhập đội b&oacute;ng đang thi đấu tại giải hạng II của Nhật Bản &ndash; J2 League. Tuy nhi&ecirc;n, cựu cầu thủ trưởng th&agrave;nh từ l&ograve; HAGL-Arsenal JMG vẫn chưa một lần được ra s&acirc;n trong khu&ocirc;n khổ c&aacute;c giải đấu ch&iacute;nh thức tại Nhật.</p>\r\n\r\n<p>C&ograve;n nhớ thời điểm 11-12-2015 khi&nbsp;<a href="http://www.tinthethao365.com.vn/news/tag/Ho%C3%A0ng+Anh+Gia+Lai" target="_blank">HAGL</a>&nbsp;v&agrave;&nbsp;<a href="http://www.tinthethao365.com.vn/news/tag/Yokohama+FC" target="_blank">Yokohama FC</a>&nbsp;c&ocirc;ng bố bản hợp đồng của Tuấn Anh, bầu Đức khi đ&oacute; đ&atilde; đặt rất nhiều kỳ vọng chuy&ecirc;n m&ocirc;n v&agrave;o thương vụ n&agrave;y. &Ocirc;ng ph&aacute;t biểu:<em>&nbsp;&ldquo;T&ocirc;i hi vọng một điều Tuấn Anh sẽ tham gia &iacute;t nhất 70% tổng số trận. Đ&oacute; l&agrave; hi vọng th&ocirc;i nha. Tuấn Anh phải nỗ lực, một cầu thủ lười biếng, ăn chơi th&igrave; sao m&agrave; thi đấu. T&ocirc;i động vi&ecirc;n Tuấn Anh l&agrave; cố gắng tập luyện để được ra s&acirc;n.&rdquo;</em></p>\r\n\r\n<p>J2 League c&oacute; tất cả 22 đội tranh t&agrave;i với 2 lượt ch&iacute;nh l&agrave; đi v&agrave; về với tổng cộng 42 trận đấu. Hiện tại, Giải hạng II của Nhật đ&atilde; đến v&ograve;ng thứ 29, tức l&agrave; đ&atilde; chạm ngưỡng 70% tổng số trận đấu trong một m&ugrave;a giải quốc gia m&agrave; bầu Đức từng kỳ vọng Tuấn Anh sẽ đạt được. Nhưng c&oacute; thể n&oacute;i rằng điều n&agrave;y đ&atilde; kh&ocirc;ng thể th&agrave;nh hiện thực.</p>\r\n\r\n<table align="center" border="0" cellpadding="1" cellspacing="1">\r\n	<tbody>\r\n		<tr>\r\n			<td><img src="http://www.tinthethao365.com.vn/uploads/news/PostImg/2016/08/15/61/957b1a54d29ace.jpg" /></td>\r\n		</tr>\r\n		<tr>\r\n			<td>Kỳ vọng của bầu Đức đ&atilde; kh&ocirc;ng th&agrave;nh sự thật 1 phần v&igrave; b&oacute;ng đ&aacute; Nhật đ&ograve;i hỏi rất nhiều thứ. Ảnh: Quang Thịnh.</td>\r\n		</tr>\r\n	</tbody>\r\n</table>\r\n\r\n<p>Được chơi b&oacute;ng ở một nền b&oacute;ng đ&aacute; ti&ecirc;n tiến như tại Nhật Bản kh&ocirc;ng phải l&agrave; chuyện dễ d&agrave;ng khi y&ecirc;u cầu ở đ&acirc;y lại rất cao v&agrave; khắt khe. Đồng đội cũ của Tuấn Anh l&agrave;&nbsp;<a href="http://www.tinthethao365.com.vn/news/61/336A5B/Cong-Phuong-da-chinh-Mito-Hollyhock-thang-huy-diet" target="_blank">C&ocirc;ng Phượng cũng phải chật vật lắm mới c&oacute; thể 2 lần ra s&acirc;n trong m&agrave;u &aacute;o Mito Hollyhock</a>. Thực tế, Yokohama cũng từng t&iacute;nh sử dụng Tuấn Anh nhưng tiền vệ n&agrave;y lại d&iacute;nh chấn thương n&ecirc;n bỏ qua cơ hội.</p>\r\n\r\n<p>Trải qua 28 v&ograve;ng đấu (chưa t&iacute;nh trận đ&aacute; b&ugrave;), Yokohama FC của Tuấn Anh hiện đang c&oacute; 40 điểm sau khi li&ecirc;n tục gi&agrave;nh được 4 chiến thắng li&ecirc;n tiếp. Hiện tại, đội b&oacute;ng n&agrave;y chỉ c&aacute;ch nh&oacute;m đ&aacute; play-off l&ecirc;n J1 League đ&uacute;ng 8 điểm trong khi c&ograve;n đến 14 trận chưa đ&aacute; n&ecirc;n cơ hội cạnh tranh vẫn c&ograve;n rất nhiều.</p>\r\n\r\n<table align="center" border="0" cellpadding="1" cellspacing="1">\r\n	<tbody>\r\n		<tr>\r\n			<td><img src="http://www.tinthethao365.com.vn/uploads/news/PostImg/2016/08/15/61/957b1a54eb60e6.jpg" /></td>\r\n		</tr>\r\n		<tr>\r\n			<td>BXH J2 League đến v&ograve;ng 29. Ảnh: Soccwerway</td>\r\n		</tr>\r\n	</tbody>\r\n</table>\r\n', ',,,9,22,23,28,,,'),
(21, 'public/upload/news/14712607411.jpg', 'Lukas Podolski chính thức giã từ đội tuyển', '<p>Lukas Podolski, người đang kho&aacute;c &aacute;o Galatasaray đ&atilde; tiết lộ th&ocirc;ng tin n&agrave;y tr&ecirc;n instagram c&aacute; nh&acirc;n. Chỉ trong v&ograve;ng một th&aacute;ng, những t&ecirc;n tuổi gắn liền với tuyển Đức trong những năm qua l&agrave; Bastian Schweinsteiger v&agrave; Podolski đ&atilde; quyết định dừng cuộc chơi ở đấu trường quốc tế.</p>\r\n\r\n<table align="center" border="0" cellpadding="1" cellspacing="1">\r\n	<tbody>\r\n		<tr>\r\n			<td><img src="http://www.tinthethao365.com.vn/uploads/news/PostImg/2016/08/15/106/957b1a1e15635d.jpg" /></td>\r\n		</tr>\r\n		<tr>\r\n			<td>Podolski đ&atilde; quyết định rời tuyển Đức. Ảnh: Internet.</td>\r\n		</tr>\r\n	</tbody>\r\n</table>\r\n\r\n<p>Podolski năm nay đ&atilde; 31 tuổi v&agrave; c&oacute; 129 lần kho&aacute;c &aacute;o Những cỗ xe tăng Đức. Th&agrave;nh t&iacute;ch n&agrave;y gi&uacute;p anh<strong>đứng thứ 3 trong danh s&aacute;ch những danh thủ cống hiến số trận cho tuyển quốc gia nhiều nhất</strong>. Anh cũng l&agrave; người c&oacute; số b&agrave;n thắng cao thứ 3 cho Đức với 48 lần lập c&ocirc;ng.</p>\r\n\r\n<p>Ở EURO vừa qua, cựu tiền đạo Arsenal v&agrave; Bayern Munich đ&atilde; được tung v&agrave;o trong trận b&aacute;n kết với chủ nh&agrave; Ph&aacute;p, anh cũng chỉ được tung v&agrave;o s&acirc;n một lần từ ghế dự bị tại giải đấu n&agrave;y.</p>\r\n\r\n<p>Trong sự nghiệp thi đấu cho tuyển Đức, Podolski đ&atilde; một lần bước l&ecirc;n đỉnh vinh quang khi c&ugrave;ng đồng đội n&acirc;ng cao chiếc C&uacute;p v&ocirc; địch World Cup năm về trước.</p>\r\n', ',,,5,9,10,18,19,,,'),
(22, 'public/upload/news/14712608091.jpg', 'Có Rashford, Ibrahimovic sẽ lại càng nguy hiểm hơn', '<table align="center" border="0" cellpadding="1" cellspacing="1">\r\n	<tbody>\r\n		<tr>\r\n			<td><img src="http://www.tinthethao365.com.vn/uploads/news/PostImg/2016/08/15/29/957b199e03ac6a.JPG" /></td>\r\n		</tr>\r\n		<tr>\r\n			<td>Ibra li&ecirc;n tục tỏa s&aacute;ng c&ugrave;ng M.U. Ảnh: Internet.</td>\r\n		</tr>\r\n	</tbody>\r\n</table>\r\n\r\n<p>Zlatan Ibrahimovic năm nay 34 tuổi, anh chuyển nhượng tự do từ Paris Saint-Germain đến Man Utd hồi đầu m&ugrave;a h&egrave; n&agrave;y.<br />\r\n<br />\r\nTrong trận mở m&agrave;n m&ugrave;a b&oacute;ng 2016/17, tiền đạo người Thụy Điển thi đấu c&ugrave;ng với Anthony Martial v&agrave; Wayne Rooney tr&ecirc;n h&agrave;ng c&ocirc;ng dưới sự dẫn dắt của HLV Jose Mourinho.<br />\r\n<br />\r\nJuan Mata đ&atilde; ph&aacute; vỡ thế bế tắc cho Man United trong hiệp một kết th&uacute;c sau một sai lầm ở h&agrave;ng ph&ograve;ng thủ của Bournemouth trước khi đội trưởng Rooney nh&acirc;n đ&ocirc;i c&aacute;ch biệt ở ph&uacute;t thứ 59 của trận đấu.<br />\r\n<br />\r\nChỉ bốn ph&uacute;t sau đ&oacute;, Ibrahimovic ghi b&agrave;n thắng đầu ti&ecirc;n của m&igrave;nh tại Premier League với c&uacute; s&uacute;t xa ngo&agrave;i v&ograve;ng 16m50 đ&aacute;nh bại thủ m&ocirc;n Artur Boruc, ấn định thắng lợi đầu ti&ecirc;n của m&ugrave;a b&oacute;ng cho Man Utd tại s&acirc;n vận động Vitality.<br />\r\n<br />\r\nChứng kiến m&agrave;n tr&igrave;nh diễn của Ibrahimovic, Jamie Redknapp phải cất lời khen ngợi: &quot;<em>Ibra đ&atilde; l&agrave;m những điều tuyệt vời trong hiệp 2. Cậu ấy đ&atilde; cho thấy đẳng cấp trong từng pha chạm b&oacute;ng. Cậu ấy &iacute;t ghi những b&agrave;n thắng như vậy, m&agrave; thường tung ra những c&uacute; s&uacute;t xa đi v&agrave;o g&oacute;c cao.<br />\r\n<br />\r\nSự tự tin của Ibra sẽ được tăng l&ecirc;n nhiều sau b&agrave;n thắng đ&oacute;. C&ograve;n United sẽ th&ecirc;m phần y&ecirc;u mến cậu ấy.<br />\r\n<br />\r\nT&ocirc;i vẫn nghĩ sẽ tốt hơn nếu Ibra c&oacute; một cầu thủ di chuyển xung quanh, như Marcus Rashord. Cậu ấy muốn nhận được thật nhiều b&oacute;ng. C&ograve;n ri&ecirc;ng ở trận ra mắt Premier League, Ibra c&oacute; quyền h&agrave;i l&ograve;ng.&quot;</em><br />\r\n<br />\r\nTrong trận đấu với nh&agrave; v&ocirc; địch Premier League Leicester City tại Community Shield cuối tuần trước, ch&iacute;nh Ibrahimovic l&agrave; người ghi b&agrave;n ấn định thắng lợi cho Qủy đỏ.</p>\r\n', ',,,15,19,,,'),
(23, 'public/upload/news/14712609331.jpg', 'Phillippe Coutinho và vũ điệu Samba ở xứ sở sương mù ', '<table align="center" border="0" cellpadding="1" cellspacing="1">\r\n	<tbody>\r\n		<tr>\r\n			<td><img src="http://www.tinthethao365.com.vn/uploads/news/PostImg/2016/08/15/117/957b195204a33c.jpg" /></td>\r\n		</tr>\r\n		<tr>\r\n			<td>Coutinho 2 lần đ&aacute;nh bại Pert Cech. Ảnh: Internet.</td>\r\n		</tr>\r\n	</tbody>\r\n</table>\r\n\r\n<p><a href="http://www.tinthethao365.com.vn/news/tag/philippe+coutinho" target="_blank">Coutinho</a>&nbsp;thường xuy&ecirc;n đ&aacute;nh bại những thủ th&agrave;nh xuất sắc nhất ở nước Anh bằng những t&igrave;nh huống kh&ocirc;ng tưởng. Ở m&ugrave;a giải năm ngo&aacute;i khi đụng độ Man Utd ở v&ograve;ng 1/8 Europa League, cầu thủ mang &aacute;o số 10 gẩy b&oacute;ng gọn g&agrave;ng đ&aacute;nh bại thủ th&agrave;nh David De Gea ở một g&oacute;c s&uacute;t m&agrave; chẳng ai lại quyết định dứt điểm.</p>\r\n\r\n<p>Khi m&agrave; b&oacute;ng đ&aacute; Brazil đang ng&agrave;y c&agrave;ng bị &ldquo;ch&acirc;u &Acirc;u h&oacute;a&rdquo;, đất nước rơi v&agrave;o t&igrave;nh trạng khan hiếm t&agrave;i năng, c&ugrave;ng với Neymar của Barcelona,&nbsp;<strong>Coutinho vẫn giữ cho m&igrave;nh lối chơi đậm chất Samba truyền thống</strong>. Niềm cảm hứng trong lối chơi của &ldquo;ph&ugrave; thủy nhỏ&rdquo; thực sự l&agrave;m thổn thức h&agrave;ng triệu tr&aacute;i tim của người h&acirc;m mộ b&oacute;ng đ&aacute; đẹp. Nh&atilde;n quan chiến thuật cực tốt c&ugrave;ng những pha xử l&yacute; đậm chất nghệ sĩ, Coutinho đang chứng tỏ anh mới l&agrave; tiền vệ tấn c&ocirc;ng xuất sắc nhất Ngoại Hạng Anh ở thời điểm hiện tại.</p>\r\n\r\n<table align="center" border="0" cellpadding="1" cellspacing="1">\r\n	<tbody>\r\n		<tr>\r\n			<td><img src="http://www.tinthethao365.com.vn/uploads/news/PostImg/2016/08/15/117/957b1951d37e47.jpg" /></td>\r\n		</tr>\r\n		<tr>\r\n			<td>Coutinho đang l&agrave; nhạc trưởng của Liverpool. Ảnh: Internet.</td>\r\n		</tr>\r\n	</tbody>\r\n</table>\r\n\r\n<p>Dưới triều đại của Brendan Rodgers v&agrave; hiện tại l&agrave; Jurgen Klopp, Coutinho lu&ocirc;n đ&oacute;ng vai tr&ograve; hạt nh&acirc;n ch&iacute;nh trong lối chơi của&nbsp;<a href="http://www.tinthethao365.com.vn/news/tag/liverpool" target="_blank">Liverpool</a>. Chuyển đến s&acirc;n Anfield với c&aacute;i gi&aacute; 8,5 triệu bảng v&agrave; đảm nhận chiếc &aacute;o số 10, Coutinho phải nhận &aacute;nh mắt ngờ vực từ CĐV của c&acirc;u lạc bộ. Bởi v&igrave; trước anh, rất nhiều t&agrave;i năng của Brazil đ&atilde; chết yểu khi kh&ocirc;ng thể chơi trong m&ocirc;i trường b&oacute;ng đ&aacute; đề cao tốc độ v&agrave; thể lực. Nhưng với t&agrave;i năng của m&igrave;nh, Coutinho đ&atilde; đập tan tất cả. Trưởng th&agrave;nh từ b&oacute;ng đ&aacute; futsal, những pha b&oacute;ng thể hiện phẩm chất c&aacute; nh&acirc;n đ&atilde; được Coutinho ph&aacute;t huy ở s&acirc;n đấu lớn. Những t&igrave;nh huống đột ph&aacute; từ c&aacute;nh tr&aacute;i v&agrave; những si&ecirc;u phẩm s&uacute;t xa từ ngo&agrave;i v&ograve;ng cấm đ&atilde; trở th&agrave;nh thương hiệu của cầu thủ người Brazil ở giải Ngoại hạng.</p>\r\n\r\n<p>B&oacute;ng đ&aacute; thế giới ng&agrave;y c&agrave;ng thực dụng, đất diễn cho những cầu thủ kỹ thuật l&agrave; kh&ocirc;ng nhiều. Bởi vậy những pha nhảy m&uacute;a của Coutinho giữa v&ograve;ng v&acirc;y h&agrave;ng ph&ograve;ng ngự đối phương đang l&agrave; m&oacute;n ăn tinh thần xa xỉ mang lại rất nhiều cảm x&uacute;c cho người h&acirc;m mộ. Liverpool đang hồi sinh dưới thời của Jurgen Klopp v&agrave; với t&agrave;i năng của cựu HLV Dortmund, cầu thủ người Brazil chắc chắn sẽ ph&aacute;t huy hết khả năng của m&igrave;nh. Coutinho đang tr&ecirc;n con đường trở th&agrave;nh một biểu tượng mới của s&acirc;n Anfield, v&agrave; biết đ&acirc;u một trong tương lai kh&ocirc;ng xa, anh sẽ trở th&agrave;nh một tượng đ&agrave;i mới của b&oacute;ng đ&aacute; thế giới.</p>\r\n', ',,,15,19,,,'),
(24, 'public/upload/news/14712971861.jpg', 'Arsenal vẫn chưa hết hy vọng với Mustafi', '<p>Tờ talkSPORT ng&agrave;y h&ocirc;m nay đưa tin,&nbsp;<a href="http://www.tinthethao365.com.vn/news/tag/Arsenal" target="_blank">Ph&aacute;o thủ</a>&nbsp;vẫn tiếp tục trong qu&aacute; tr&igrave;nh đ&agrave;m ph&aacute;n chi&ecirc;u mộ trung vệ&nbsp;<a href="http://www.tinthethao365.com.vn/news/tag/Shkodran+Mustafi" target="_blank">Shkodran Mustafi</a>&nbsp;của&nbsp;<a href="http://www.tinthethao365.com.vn/news/tag/Valencia" target="_blank">Valencia</a>.</p>\r\n\r\n<table align="center" border="0" cellpadding="1" cellspacing="1">\r\n	<tbody>\r\n		<tr>\r\n			<td><img src="http://www.tinthethao365.com.vn/uploads/news/PostImg/2016/08/16/61/957b203c2e7a81.jpg" /></td>\r\n		</tr>\r\n		<tr>\r\n			<td>Shkodran Mustafi vẫn trong tầm ngắm của Arsenal. Ảnh: Internet.</td>\r\n		</tr>\r\n	</tbody>\r\n</table>\r\n\r\n<p>Được biết trước đ&oacute; kh&ocirc;ng &iacute;t lần, trung vệ người Đức b&agrave;y tỏ mong muốn được thi đấu cho đội b&oacute;ng Bắc London. Về ph&iacute;a Valencia, đại diện La Liga cũng sẵn s&agrave;ng để trung vệ 24 tuổi ra đi nhưng phải dưới c&aacute;i gi&aacute; hợp l&yacute;. Tuy nhi&ecirc;n những mức gi&aacute; m&agrave; Arsenal hiện đ&atilde; đưa ra đều kh&ocirc;ng l&agrave;m h&agrave;i l&ograve;ng Bầy dơi. Ch&iacute;nh v&igrave; thế thương vụ n&agrave;y vẫn đang ở thời điểm bế tắc.</p>\r\n\r\n<p>Tuy nhi&ecirc;n với h&agrave;ng thủ chắp v&aacute; hiện nay, hệ quả nh&atilde;n tiền nhất đ&oacute; l&agrave; trận thua 3-4 ngay ng&agrave;y ra qu&acirc;n tại Ngoại hạng Anh trước Liverpool h&ocirc;m chủ nhật. HLV Arsene Wenger buộc phải bổ sung sớm một trung vệ chất lượng. C&oacute; lẽ &aacute;p lực từ cổ động vi&ecirc;n, từ h&agrave;ng thủ hiện nay sẽ gi&uacute;p Ph&aacute;o thủ quyết đo&aacute;n hơn trong thương vụ n&agrave;y.</p>\r\n\r\n<p>Ngo&agrave;i ra theo nguồn tin nội bộ của talkSPORT, Arsenal cũng đ&atilde; c&oacute; sự ph&ograve;ng hờ nếu kh&ocirc;ng thể mua được Mustafi. Cụ thể, Omer Toprak của Bayer Leverkusen v&agrave; Simon Kjaer của Fenerbahce sẽ l&agrave; những lựa chọn thay thế.</p>\r\n', ',,,5,14,15,18,19,,,'),
(25, 'public/upload/news/14712974191.jpg', 'Tân binh 30 triệu euro rạng rỡ ra mắt Real Madrid ', '<table align="center" border="0" cellpadding="1" cellspacing="1">\r\n	<tbody>\r\n		<tr>\r\n			<td><img src="http://www.tinthethao365.com.vn/uploads/news/PostImg/2016/08/15/94/957b1f24b6d96c.jpg" /></td>\r\n		</tr>\r\n		<tr>\r\n			<td>Sau 2 năm rời xa Bernabeu, Morata đ&atilde; ch&iacute;nh thức trở lại m&ugrave;a H&egrave; năm nay.</td>\r\n		</tr>\r\n		<tr>\r\n			<td><img src="http://www.tinthethao365.com.vn/uploads/news/PostImg/2016/08/15/94/957b1f24c8600c.jpg" /></td>\r\n		</tr>\r\n		<tr>\r\n			<td>C&aacute;ch đ&acirc;y 2 năm, Real đ&atilde; kh&ocirc;n ngoan c&agrave;i điều khoản mua lại Morata từ Juve với gi&aacute; 30 triệu euro.</td>\r\n		</tr>\r\n		<tr>\r\n			<td><img src="http://www.tinthethao365.com.vn/uploads/news/PostImg/2016/08/15/94/957b1f24dd4dc5.jpg" /></td>\r\n		</tr>\r\n		<tr>\r\n			<td><img src="http://www.tinthethao365.com.vn/uploads/news/PostImg/2016/08/15/94/957b1f24f045d7.jpg" /></td>\r\n		</tr>\r\n		<tr>\r\n			<td>Bạn g&aacute;i Morata, Alice Campello cũng c&oacute; mặt.</td>\r\n		</tr>\r\n		<tr>\r\n			<td><img src="http://www.tinthethao365.com.vn/uploads/news/PostImg/2016/08/15/94/957b1f2505eb25.jpg" /></td>\r\n		</tr>\r\n		<tr>\r\n			<td>Morata cũng l&agrave; bản hợp đồng đ&aacute;ng ch&uacute; &yacute; duy nhất của Kền kền H&egrave; năm nay.</td>\r\n		</tr>\r\n		<tr>\r\n			<td><img src="http://www.tinthethao365.com.vn/uploads/news/PostImg/2016/08/15/94/957b1f272260fc.jpg" /></td>\r\n		</tr>\r\n		<tr>\r\n			<td>Morata trước ph&ograve;ng truyền thống CLB.</td>\r\n		</tr>\r\n		<tr>\r\n			<td><img src="http://www.tinthethao365.com.vn/uploads/news/PostImg/2016/08/15/94/957b1f273435bd.jpg" /></td>\r\n		</tr>\r\n		<tr>\r\n			<td>Hy vọng lần trở lại n&agrave;y, Morata sẽ đ&oacute;ng g&oacute;p nhiều hơn v&agrave;o lối chơi Real Madrid.</td>\r\n		</tr>\r\n	</tbody>\r\n</table>\r\n', ',,,5,10,14,16,19,28,,,'),
(26, 'public/upload/news/14712976211.jpg', 'Ở lại Arsenal là mang sự nghiệp ra đánh bạc', '<p>HLV thể lực người H&agrave; Lan Raymond Verheijen đ&atilde; trực tiếp c&oacute; buổi n&oacute;i chuyện với tiền vệ Aaron Ramsey về vấn đề thể lực của anh. &Ocirc;ng khẳng định rằng Ph&aacute;o thủ th&agrave;nh London kh&ocirc;ng thể giải quyết dứt điểm c&aacute;c chấn thương của anh.</p>\r\n\r\n<table align="center" border="0" cellpadding="1" cellspacing="1">\r\n	<tbody>\r\n		<tr>\r\n			<td><img src="http://www.tinthethao365.com.vn/uploads/news/PostImg/2016/08/15/106/957b1f061cc7ad.jpg" /></td>\r\n		</tr>\r\n		<tr>\r\n			<td>Ramsey chấn thương l&agrave; do c&aacute;ch huấn luyện của Wenger? Ảnh: Internet.</td>\r\n		</tr>\r\n	</tbody>\r\n</table>\r\n\r\n<p>Verheijen đ&atilde; c&ocirc;ng khai chỉ tr&iacute;ch HLV Arsene Wenger v&igrave; cho rằng phương ph&aacute;p huấn luyện của chiến lược gia người Ph&aacute;p khiến c&aacute;c cầu thủ đối mặt với nguy cơ chấn thương rất cao, đặc biệt l&agrave; chấn thương cơ bắp kh&ocirc;ng thể tr&aacute;nh khỏi. &Ocirc;ng cho rằng Ramsey kh&ocirc;ng n&ecirc;n ở lại CLB l&agrave;m g&igrave; v&igrave; l&agrave;m như thế chẳng kh&aacute;c n&agrave;o đ&aacute;ng bạc bằng ch&iacute;nh sự nghiệp của m&igrave;nh.</p>\r\n\r\n<p>Ramsey đ&atilde; d&iacute;nh chấn thương trong trận đấu với Liverpool v&agrave; buộc phải rời s&acirc;n sớm trước khi chứng kiến&nbsp;<a href="http://www.tinthethao365.com.vn/news/15/3371C6/Ruot-duoi-kich-tinh-Liverpool-khien-Arsenal-om-han-ngay-ra-quan" target="_blank">đội nh&agrave; kh&ocirc;ng thể lật ngược thế cờ</a>. Wenger tuy&ecirc;n bố rằng Ramsey đ&atilde; kh&ocirc;ng c&oacute; đủ thời gian phục hồi sau EURO 2016 v&agrave; chấn thương l&agrave; điều hiển nhi&ecirc;n.</p>\r\n\r\n<p>Verheijen th&igrave; nghĩ ngược lại, &ocirc;ng cảm thấy Ramsey đ&atilde; thể hiện rất tốt ở EURO v&agrave; đ&oacute; l&agrave; minh chứng r&otilde; n&eacute;t nhất về việc&nbsp;<strong>thi đấu ở Arsenal lu&ocirc;n đứng trước nguy cơ bị chấn thương.</strong></p>\r\n\r\n<p>Arsenal vẫn đang chờ đợi th&ocirc;ng tin từ chấn thương của Ramsey để c&oacute; thể chuẩn bị cho kế hoạch sắp tới. Việc mất cầu thủ quan trọng ngay ng&agrave;y khai mạc l&agrave; điều v&ocirc; c&ugrave;ng xui xẻo cho đội b&oacute;ng đang đặt nhiều tham vọng như Arsenal.</p>\r\n', ',,,5,15,19,28,,,'),
(27, 'public/upload/news/14712977571.jpg', 'Antonio Conte gặp khó vì hàng thủ', '<p>Trong qu&aacute; khứ, Leonardo Bonucci, Giorgio Chiellini v&agrave; Andrea Barzagli ch&iacute;nh l&agrave; bộ ba &quot;ngự l&acirc;m qu&acirc;n&quot; l&agrave;m tạo n&ecirc;n bức tường th&eacute;p trứ danh của&nbsp;<a href="http://www.tinthethao365.com.vn/news/tag/Antonio+Conte" target="_blank">Antonio Conte</a>.</p>\r\n\r\n<p>Tuy nhi&ecirc;n, mọi chuyện đ&atilde; thay đổi ho&agrave;n to&agrave;n khi Conte bắt đầu cuộc h&agrave;nh tr&igrave;nh của m&igrave;nh tại xứ sở sương m&ugrave; với c&acirc;u lạc bộ mới&nbsp;<a href="http://www.tinthethao365.com.vn/news/tag/Chelsea" target="_blank">Chelsea</a>. Trong kỳ chuyển nhượng m&ugrave;a h&egrave; năm nay, kh&ocirc;ng một ai trong bộ ba ngự l&acirc;m ng&agrave;y n&agrave;o theo bước &ocirc;ng thầy cũ đến miền đất mới, to&agrave;n bộ gia t&agrave;i của Conte chỉ l&agrave; một h&agrave;ng thủ hoang t&agrave;n của một đội b&oacute;ng xếp thứ 10 tại Ngoại hạng Anh m&ugrave;a trước.</p>\r\n\r\n<table align="center" border="0" cellpadding="1" cellspacing="1">\r\n	<tbody>\r\n		<tr>\r\n			<td><img src="http://www.tinthethao365.com.vn/uploads/news/PostImg/2016/08/15/61/957b1e21220bda.jpg" /></td>\r\n		</tr>\r\n		<tr>\r\n			<td>Conte sẽ gặp nhiều kh&oacute; khăn khi thiếu vắng bộ ba &quot;ngự l&acirc;m qu&acirc;n&quot;. Ảnh: Internet.</td>\r\n		</tr>\r\n	</tbody>\r\n</table>\r\n\r\n<p>John Terry, người đội trưởng vĩ đại của đội b&oacute;ng th&agrave;nh London, một trung vệ mạnh mẽ nhất lịch sử Premier League từng c&oacute; cũng chẳng thể chống lại d&ograve;ng chảy của thời gian. Hồi th&aacute;ng 5 vừa qua, Terry đ&atilde; được đội b&oacute;ng chủ s&acirc;n Stamford Bridge gia hạn th&ecirc;m một năm hợp đồng nhưng ai cũng hiểu đ&oacute; chỉ l&agrave; bản hợp đồng mang &yacute; nghĩa tinh thần nhiều hơn.</p>\r\n\r\n<p>Antonio Conte cần một người gi&uacute;p &ocirc;ng ổn định ph&ograve;ng thay đồ khi mới ch&acirc;n ướt ch&acirc;n r&aacute;o tới Anh, v&agrave; rồi sẽ đến l&uacute;c Terry cũng phải ra đi như c&aacute;i c&aacute;ch m&agrave; Chelsea đ&atilde; từng l&agrave;m với Lampard.</p>\r\n\r\n<p>Thay v&igrave; Gary Cahill, người h&acirc;m mộ The Blues lại đặt trọn niềm tin của họ v&agrave;o ng&ocirc;i sao mới nổi Kurt Zouma. Trung vệ người Ph&aacute;p đ&atilde; chứng tỏ sự tiến bộ vượt bậc của m&igrave;nh dưới b&agrave;n tay nh&agrave;o nặn của Jose Mourinho. Nhưng xui xẻo c&oacute; vẻ kh&ocirc;ng bu&ocirc;ng tha đội b&oacute;ng &aacute;o xanh khi Zouma gặp phải một chấn thương kinh ho&agrave;ng hồi th&aacute;ng 2 khiến anh phải nghỉ thi đấu đến hết m&ugrave;a giải. Mới đ&acirc;y, số 5 của Chelsea đ&atilde; quay trở lại tập luyện c&ugrave;ng cả đội nhưng việc anh c&oacute; thể lấy lại phong độ hay kh&ocirc;ng vẫn l&agrave; một dấu hỏi lớn.</p>\r\n\r\n<p>Ivanovic từng l&agrave; một chốt chặn đ&aacute;ng tin cậy nơi h&agrave;nh lang c&aacute;nh phải với khả năng l&ecirc;n c&ocirc;ng về thủ nhịp nh&agrave;ng. Nhưng giờ đ&acirc;y, Ivanovic giống như một miếng mồi ngon để c&aacute;c cầu thủ tấn c&ocirc;ng đối phương khai th&aacute;c, anh đ&atilde; nhiều lần khiến The Blues phải trả gi&aacute; v&igrave; những sai lầm của m&igrave;nh.</p>\r\n\r\n<p>Ola Aina l&agrave; một ph&aacute;t hiện th&uacute; vị của Antonio Conte trong loạt trận giao hữu m&ugrave;a h&egrave; n&agrave;y. Cầu thủ 18 tuổi n&agrave;y đ&atilde; ra s&acirc;n trong cả bốn trận giao hữu tiền m&ugrave;a giải, nổi bật l&agrave; c&aacute;c trận đấu với Liverpool v&agrave; Real Madrid tr&ecirc;n đất Mỹ. M&agrave;n tr&igrave;nh diễn ấn tượng của Aina đ&atilde; khiến nhiều cổ động vi&ecirc;n của The Blues ca ngợi anh l&agrave; truyền nh&acirc;n của Ivanovic. Tuy nhi&ecirc;n, cũng giống như nhiều cầu thủ trẻ kh&aacute;c, hậu vệ 18 tuổi n&agrave;y c&ograve;n qu&aacute; non kinh nghiệm để Conte c&oacute; thể đem ra đ&aacute;nh cược trong một giải đấu khắc nghiệt như Ngoại hạng Anh.</p>\r\n\r\n<p>Ở h&agrave;nh lang c&aacute;nh tr&aacute;i, Azpilicueta thi đấu kh&aacute; ổn định m&ugrave;a trước nhưng anh cũng chỉ mới trở về sau k&igrave; nghỉ hậu EURO 2016, vấn đề thể lực của ng&ocirc;i sao người T&acirc;y Ban Nha vẫn c&ograve;n l&agrave; dấu hỏi lớn. Trong khi đ&oacute;, người dự bị cho anh l&agrave; Baba Rahman th&igrave; đ&atilde; chuyển sang thi đấu cho Schalke theo một bản hợp đồng cho mượn.</p>\r\n\r\n<table align="center" border="0" cellpadding="1" cellspacing="1">\r\n	<tbody>\r\n		<tr>\r\n			<td><img src="http://www.tinthethao365.com.vn/uploads/news/PostImg/2016/08/15/61/957b1e213bc036.jpg" /></td>\r\n		</tr>\r\n		<tr>\r\n			<td>Liệu Conte c&oacute; thể th&agrave;nh c&ocirc;ng với h&agrave;ng thủ rệu r&atilde; của Chelsea? Ảnh: Internet.</td>\r\n		</tr>\r\n	</tbody>\r\n</table>\r\n\r\n<p>N&#39;Golo Kante l&agrave; bản hợp đồng chất lượng của Chelsea m&ugrave;a h&egrave; n&agrave;y. Theo thống k&ecirc; từ Sky Sports, trong m&ugrave;a giải trước, tuyển thủ người Ph&aacute;p dẫn đầu Premier League về số lần tắc b&oacute;ng (175) v&agrave; cắt b&oacute;ng (156), xếp thứ tư về tranh chấp tay đ&ocirc;i (277) v&agrave; thứ 6 về thu hồi b&oacute;ng (326). Mặc d&ugrave; vậy, N&#39;Golo Kante mới chỉ chơi duy nhất một trận cho The Blues trước khi m&ugrave;a giải mới bắt đầu, anh vẫn cần th&ecirc;m nhiều thời gian để c&oacute; thể thi đấu ăn &yacute; với c&aacute;c đồng đội mới.</p>\r\n\r\n<p>Theo nhiều tin đồn tr&ecirc;n thị trường chuyển nhượng, Chelsea tiến rất gần đến việc gi&agrave;nh được chữ k&yacute; của Kalidou Koulibaly từ Napoli. Tuy nhi&ecirc;n, nếu thương vụ n&agrave;y thất bại, đội b&oacute;ng chủ s&acirc;n Stamford Bridge sẽ rơi v&agrave;o một cuộc khủng hoảng nh&acirc;n sự h&agrave;ng thủ thực sự khi họ đ&atilde; cho mượn qu&aacute; nhiều cầu thủ m&agrave; chẳng đem về một t&acirc;n binh n&agrave;o để thay thế.</p>\r\n\r\n<p>Thống k&ecirc; cho thấy trong kỳ chuyển nhượng h&egrave; năm nay, Chelsea đ&atilde; cho mượn tới 4 cầu thủ ph&ograve;ng ngự bao gồm: Michale Hector, Baba Rahaman, Nathan Ake, Andreas Christensen. Trong những ng&agrave;y tới, nhiều khả năng Matt Miazga v&agrave; Kenedy cũng sẽ được Chelsea cho đi &quot;du học&quot; như nhiều cầu thủ trẻ kh&aacute;c. Hồi đầu th&aacute;ng 8, Chelsea đ&atilde; b&aacute;n trung vệ Papy Djilobodji cho Sunderland với gi&aacute; 8 triệu bảng.</p>\r\n\r\n<p>Antonio Conte l&agrave; một thi&ecirc;n t&agrave;i về nghệ thuật ph&ograve;ng ngự, điều n&agrave;y kh&ocirc;ng cần b&agrave;n c&atilde;i qu&aacute; nhiều nếu nh&igrave;n v&agrave;o những g&igrave; vị chiến lược gia n&agrave;y đ&atilde; l&agrave;m được ở Juventus v&agrave; ĐT &Yacute;. Nhưng liệu ph&eacute;p m&agrave;u của Conte c&oacute; thể phục hưng được bức tường th&eacute;p trứ danh một thời của Chelsea hay ch&iacute;nh h&agrave;ng thủ rệu r&atilde; đ&oacute; sẽ đ&aacute; bay Conte như c&aacute;ch họ đ&atilde; l&agrave;m với Jose Mourinho.</p>\r\n\r\n<p>Conte sẽ c&oacute; trận khai m&agrave;n giải Ngoại hạng Anh trước đối thủ West Ham v&agrave;o tối nay. Đ&acirc;y ch&iacute;nh l&agrave; l&uacute;c Conte phải mạnh tay xử l&yacute; những yếu k&eacute;m trong hệ thống ph&ograve;ng ngự của Chelsea để c&oacute; thể t&igrave;m những phương &aacute;n thay thế kịp thời trước khi kỳ chuyển nhượng m&ugrave;a h&egrave; kết th&uacute;c v&agrave;o ng&agrave;y 31/8.</p>\r\n', ',,,9,15,19,,,'),
(28, 'public/upload/news/14712978391.jpg', 'Pep khen ngợi học trò hết lời trong ngày khai màn', '<p>Mặc d&ugrave; vị tr&iacute; sở trường l&agrave; hậu vệ c&aacute;nh tr&aacute;i, Kolarov c&ograve;n biết c&aacute;ch tỏa s&aacute;ng khi được k&eacute;o v&agrave;o trong đ&aacute; trung vệ. Trong&nbsp;<a href="http://www.tinthethao365.com.vn/news/15/33713B/McNair-hoa-toi-do-khien-Sunderland-thua-dau-Man-City" target="_blank">trận thắng 2-1 trước Sunderland</a>&nbsp;tại v&ograve;ng 1 Ngoại hạng Anh, cầu thủ người Serbia đ&atilde; được Pep xếp đ&aacute; cặp c&ugrave;ng t&acirc;n binh John Stones ở trung t&acirc;m h&agrave;ng thủ Manchester City.</p>\r\n\r\n<table align="center" border="0" cellpadding="1" cellspacing="1">\r\n	<tbody>\r\n		<tr>\r\n			<td><img src="http://www.tinthethao365.com.vn/uploads/news/PostImg/2016/08/15/106/957b1e514211bf.jpg" /></td>\r\n		</tr>\r\n		<tr>\r\n			<td>Kolarov ho&agrave;n th&agrave;nh xuất sắc nhiệm vụ trong ng&agrave;y sắm vai trung vệ. Ảnh: Internet.</td>\r\n		</tr>\r\n	</tbody>\r\n</table>\r\n\r\n<p>Sau trận đấu, HLV người T&acirc;y Ban Nha hồ hởi cho biết: &ldquo;<em><strong>Kolarov l&agrave; một trong những cầu thủ chơi ở vị tr&iacute; trung vệ tốt nhất m&agrave; t&ocirc;i từng chứng kiến.</strong>&nbsp;Cậu ấy cướp được b&oacute;ng từ những pha b&oacute;ng d&agrave;i v&agrave; ph&ograve;ng ngự chặt chẽ. Kolarov kh&ocirc;ng chỉ chơi tốt h&ocirc;m nay m&agrave; những trận gần đ&acirc;y đều như vậy</em>.&rdquo;</p>\r\n\r\n<p>Cả ba trung vệ Vincent Kompany, Nicolas Otamendi v&agrave; Eliaquim Mangala đều phải ngồi ngo&agrave;i trong trận mở m&agrave;n, Pep phải để Kolarov đ&aacute; thay vị tr&iacute; n&agrave;y v&agrave; thu về kết quả ưng &yacute;. Tuy nhi&ecirc;n, trong trận đấu với Steaua Bucharest thuộc khu&ocirc;n khổ v&ograve;ng loại Champions League, &ocirc;ng muốn sử dụng Otamendi m&agrave; kh&ocirc;ng phải l&agrave; ai kh&aacute;c.</p>\r\n\r\n<p>Pep chia sẻ th&ecirc;m: &ldquo;<em>Hy vọng rằng cậu ấy c&oacute; thể thi đấu, Bucharest l&agrave; đội b&oacute;ng ưa th&iacute;ch sử dụng b&oacute;ng d&agrave;i v&agrave; sự c&oacute; mặt của Nico l&agrave; rất quan trọng. Cậu ấy c&oacute; một ch&uacute;t vấn đề về g&acirc;n kheo v&agrave; t&ocirc;i kh&ocirc;ng thể mạo hiểm sử dụng Nico cho 2 trận chỉ trong 3 ng&agrave;y. Đ&oacute; l&agrave; l&iacute; do v&igrave; sao t&ocirc;i chọn Kolarov đ&aacute; cặp với Stones</em>.&rdquo;</p>\r\n', ',,,10,15,19,,,'),
(29, 'public/upload/news/14712979131.jpg', 'Thắng Arsenal nhưng Klopp vẫn không vui', '<p>Liverpool đ&atilde; c&oacute; m&agrave;n ngược d&ograve;ng ngoạn mục khi để Arsenal mở tỷ số trước. Họ dẫn một mạch 4-1 trước khi bị thủng lưới th&ecirc;m hai b&agrave;n. Tuy nhi&ecirc;n chừng đ&oacute; l&agrave; qu&aacute; đủ để&nbsp;<strong>thầy tr&ograve; Klopp bỏ t&uacute;i 3 điểm đầu ti&ecirc;n sau v&ograve;ng một</strong>.</p>\r\n\r\n<table align="center" border="0" cellpadding="1" cellspacing="1">\r\n	<tbody>\r\n		<tr>\r\n			<td><img src="http://www.tinthethao365.com.vn/uploads/news/PostImg/2016/08/15/106/957b1dc7fced2e.jpg" /></td>\r\n		</tr>\r\n		<tr>\r\n			<td>Liverpool thắng to nhưng Klopp vẫn lo. Ảnh: Internet.</td>\r\n		</tr>\r\n	</tbody>\r\n</table>\r\n\r\n<p>Chia sẻ về trận đấu, Lallana cho biết: &ldquo;<em>Khi dẫn 4-1, ch&uacute;ng t&ocirc;i đ&atilde; c&oacute; một ch&uacute;t tự m&atilde;n. To&agrave;n đội đ&atilde; nhanh ch&oacute;ng trở lại mặt đất khi tỷ số bị r&uacute;t ngắn c&ograve;n 4-3. 10 ph&uacute;t cuối t&ocirc;i đ&atilde; ngồi tr&ecirc;n ghế dự bị để theo d&otilde;i trận đấu, hồi hộp kh&ocirc;ng tả được. Nhưng Liverpool đ&atilde; c&oacute; 3 điểm tối đa v&agrave; giờ l&agrave; l&uacute;c để nh&igrave;n lại những điểm yếu cần khắc phục.</em></p>\r\n\r\n<p><em>HLV Klopp sẽ l&agrave;m điều đ&oacute;, &ocirc;ng ấy chắc chắn kh&ocirc;ng h&agrave;i l&ograve;ng về trận đấu v&agrave; m&agrave;n tr&igrave;nh diễn của ch&uacute;ng t&ocirc;i. Ch&uacute;ng t&ocirc;i phải l&agrave;m nhiều hơn nữa, giờ l&agrave; l&uacute;c chuẩn bị cho trận đấu với Burnley.</em>&rdquo;</p>\r\n\r\n<p>Lallana cũng cực kỳ ấn tượng với m&agrave;n tr&igrave;nh diễn của Coutinho với&nbsp;<a href="http://www.tinthethao365.com.vn/video/205/3371ED/Video-Sieu-pham-da-phat-cua-Philippe-Coutinho-vao-luoi-Arsenal" target="_blank">một pha đ&aacute; phạt đẹp mắt</a>, anh cũng tin rằng kh&ocirc;ng c&oacute; ai ở Liverpool đủ khả năng đảm đương trọng tr&aacute;ch đ&aacute; phạt thay Coutinho trong m&ugrave;a giải n&agrave;y.</p>\r\n', ',,,9,14,15,16,17,18,19,28,,,'),
(30, 'public/upload/news/14712979831.jpg', 'CHÍNH THỨC: Everton đón tân binh 25 triệu bảng', '<table align="center" border="0" cellpadding="1" cellspacing="1">\r\n	<tbody>\r\n		<tr>\r\n			<td><img src="http://www.tinthethao365.com.vn/uploads/news/PostImg/2016/08/15/29/957b1cb1d96adb.jpg" /></td>\r\n		</tr>\r\n		<tr>\r\n			<td>Yannick Bolasie c&oacute; gi&aacute; 25 triệu bảng? Ảnh: Internet.</td>\r\n		</tr>\r\n	</tbody>\r\n</table>\r\n\r\n<p>Yannick Bolasie năm nay 27 tuổi, thi đấu ở vị tr&iacute; chạy c&aacute;nh, đ&atilde; ghi được 5 b&agrave;n thắng m&ugrave;a trước.<br />\r\n<br />\r\nTốc độ, sức mạnh l&agrave; sở trường của Bolasie. Những ưu điểm đ&oacute; của cầu thủ người Congo khiến HLV Ronald Koeman rất ưng &yacute; v&agrave; quyết t&acirc;m chi&ecirc;u mộ.<br />\r\n<br />\r\nR&otilde; r&agrave;ng, số tiền 25 triệu bảng d&agrave;nh cho Bolasie l&agrave; qu&aacute; cao, d&ugrave; cho HLV Alan Pardew từng h&eacute;t gi&aacute; t&agrave;i năng n&agrave;y l&ecirc;n đến 40 triệu bảng. C&ograve;n nhớ, Bristol City từng b&aacute;n Bolasie cho Palace v&agrave;o năm 2012 với gi&aacute; chỉ 350,000 bảng m&agrave; th&ocirc;i.<br />\r\n<br />\r\nD&ugrave; sao, Everton kh&ocirc;ng hề thiếu tiền, khi thu đến hơn 40 triệu bảng từ thương vụ John Stones.<br />\r\n<br />\r\nBolasie đ&atilde; ho&agrave;n th&agrave;nh b&agrave;i kiểm tra sức khỏe ở Goodison Park v&agrave; ch&iacute;nh thức gia nhập Everton theo bản hợp đồng c&oacute; thời hạn 5 năm.</p>\r\n', ',,,10,15,19,28,,,'),
(31, 'public/upload/news/14712999191.jpg', 'Không phải ngẫu nhiên Bailly được so sánh với Vidic', '<p>Khi cầu thủ 22 tuổi người Bờ Biển Ng&agrave; đến Old Trafford với gi&aacute; 30 triệu, thật sự rất nhiều người đ&atilde; &lsquo;nh&iacute;u m&agrave;y&rsquo; băn khoăn v&igrave; thực chất chưa biết nhiều về trung vệ n&agrave;y. K&yacute; hợp đồng 4 năm, nhưng mới trải qua 2 trận đấu, nhiều người đ&atilde; v&iacute; von Bailly với huyền thoại Nemanja Vidic về khả năng ph&ograve;ng ngự.</p>\r\n\r\n<table align="center" border="0" cellpadding="1" cellspacing="1">\r\n	<tbody>\r\n		<tr>\r\n			<td><img src="http://www.tinthethao365.com.vn/uploads/news/PostImg/2016/08/15/106/957b1d7c531e2f.jpg" /></td>\r\n		</tr>\r\n		<tr>\r\n			<td>Bailly chơi hay nhất trận tranh Si&ecirc;u c&uacute;p Anh với Leicester. Ảnh: Internet.</td>\r\n		</tr>\r\n	</tbody>\r\n</table>\r\n\r\n<p>Cựu cầu thủ Villarreal thực sự l&agrave; điểm cộng cho h&agrave;ng thủ Quỷ đỏ nếu so s&aacute;nh với m&ugrave;a giải nă ngo&aacute;i. M.U của Louis van Gaal nhận đến 35 b&agrave;n thua năm trước với sự lơi lỏng kh&oacute; giải th&iacute;ch ở h&agrave;ng thủ.</p>\r\n\r\n<p>Giờ đ&acirc;y, Jose Mourinho gần như đ&atilde; t&igrave;m ra giải ph&aacute;p, trong bối cảnh tương lai của Marcos Rojo đang bất định, &ocirc;ng t&igrave;m ra ch&igrave;a kh&oacute;a cho việc ph&ograve;ng thủ chắc chắn v&agrave; sẵn s&agrave;ng tung ra những đường phản c&ocirc;ng ngay từ h&agrave;ng tứ vệ.</p>\r\n\r\n<p>Lần đầu ti&ecirc;n kho&aacute;c &aacute;o M.U trong một trận cầu ch&iacute;nh thức của Bailly l&agrave; cuộc đụng độ Leicester City. Kết quả M.U gi&agrave;nh Si&ecirc;u c&uacute;p Anh c&ograve;n Bailly trở th&agrave;nh cầu thủ hay nhất trận. Kh&ocirc;ng phải l&agrave; Jesse Lingard với pha solo mở tỷ số, cũng kh&ocirc;ng phải l&agrave; Zlatan Ibrahimovic với c&uacute; đ&aacute;nh đầu kết liễu bầy c&aacute;o, đơn giản M.U chiến thắng nhờ sự chắc chắn của Bailly c&ugrave;ng h&agrave;ng thủ.</p>\r\n\r\n<p>Đ&ecirc;m qua, một lần nữa Bailly lại được xướng t&ecirc;n trong trận thắng 3-1 thuyết phục trước Bournemouth. Anh ho&agrave;n th&agrave;nh tuyệt vời vai tr&ograve; tr&aacute;i tim của h&agrave;ng thủ b&ecirc;n cạnh Daley Blind, Bailly tự tin v&agrave; vững chắc trong suốt trận đấu trước sức &eacute;p của bộ ba Joshua King, Jordan Ibe v&agrave; Callum Wilson. Khi chuyển từ m&agrave;u &aacute;o T&agrave;u ngầm v&agrave;ng sang M.U, &iacute;t ai nghĩ rằng Bailly lại c&oacute; thể nhập cuộc nhanh ch&oacute;ng v&agrave; nhiều người lầm tưởng rằng anh v&agrave; m&agrave;u &aacute;o đỏ đ&atilde; gắn b&oacute; từ rất l&acirc;u.</p>\r\n\r\n<table align="center" border="0" cellpadding="1" cellspacing="1">\r\n	<tbody>\r\n		<tr>\r\n			<td><img src="http://www.tinthethao365.com.vn/uploads/news/PostImg/2016/08/15/106/957b1d7c7a51f3.jpg" /></td>\r\n		</tr>\r\n		<tr>\r\n			<td>Trung vệ người Bờ Biển Ng&agrave; tiếp tục tạo dấu ấn trong ng&agrave;y khai m&agrave;n Ngoại hạng Anh. Ảnh: Internet.</td>\r\n		</tr>\r\n	</tbody>\r\n</table>\r\n\r\n<p>Suốt cả trận đấu, Bailly v&agrave; Blind khiến h&agrave;ng c&ocirc;ng Bournemouth chỉ tung ra 3 c&uacute; s&uacute;t tr&uacute;ng đ&iacute;ch. Kh&ocirc;ng những vậy, Bailly c&ograve;n thoải m&aacute;i tung ho&agrave;nh ngay cả khi ra khỏi vị tr&iacute; ph&ograve;ng ngự với&nbsp;<strong>tỷ lệ chuyền b&oacute;ng ch&iacute;nh x&aacute;c l&ecirc;n đến 95,1%</strong>. Bailly kh&ocirc;ng hề tỏ ra sợ sệt những pha phản c&ocirc;ng của đối thủ v&igrave; Joshua King ho&agrave;n to&agrave;n l&eacute;p vế so với anh.</p>\r\n\r\n<p>Sự hiện diện của Bailly l&agrave; thực sự quan trọng với M.U trong hiệp một, anh ho&agrave;n to&agrave;n gi&uacute;p c&aacute;c đồng đội tuyến tr&ecirc;n y&ecirc;n t&acirc;m l&agrave;m tốt nhiệm vụ. Đ&acirc;y được coi l&agrave; sự tiến bộ vượt bậc trong c&aacute;ch thi đấu của Bailly, bởi c&aacute;ch đ&acirc;y kh&ocirc;ng l&acirc;u trong những trận giao hữu, Mourinho c&ograve;n khẳng định&nbsp;<a href="http://www.tinthethao365.com.vn/news/15/33635A/Mourinho-chi-ra-diem-yeu-chet-nguoi-cua-tan-binh-Bailly" target="_blank">anh sẽ phải nỗ lực rất nhiều trong tương lai</a>. Đ&aacute;p lại sự kỳ vọng của Người đặc biệt, Bailly lột x&aacute;c ho&agrave;n to&agrave;n trước thời hạn v&agrave; ngo&agrave;i sức tưởng tượng của &ocirc;ng.</p>\r\n\r\n<p>Ở tuổi 22, tương lai của Bailly vẫn c&ograve;n rất d&agrave;i v&agrave; anh ho&agrave;n to&agrave;n c&oacute; thể trở th&agrave;nh Vidic thứ hai tại Old Trafford. Dưới thời Van Gaal, M.U thảm bại tại s&acirc;n Vitality m&ugrave;a trước, giờ đ&acirc;y mọi thứ đ&atilde; thay đổi từ tỷ số cho đến c&aacute;ch tiếp cận trận đấu v&igrave; M.U c&oacute; Mourinho v&agrave; Bailly.</p>\r\n\r\n<p>Chỉ c&oacute; 2 trận đấu kh&ocirc;ng thể n&oacute;i l&ecirc;n qu&aacute; nhiều điều, nhưng cũng &iacute;t c&oacute; t&acirc;n binh n&agrave;o của M.U đoạt danh hiệu Cầu thủ hay nhất trận ngay trong 2 lần đầu thi đấu. CĐV Quỷ đỏ đ&atilde; c&oacute; quyền tin v&agrave;o tương lai tươi s&aacute;ng với h&agrave;ng ph&ograve;ng ngự vững chắc. Mọi c&uacute; nhảy vọt đều cần sức bậc tốt, M.U đ&atilde; c&oacute; điểm tựa vững v&agrave;ng chỉ cần đợi thời gian để bước l&ecirc;n đỉnh cao nhất.</p>\r\n', ',,,15,19,28,,,'),
(32, 'public/upload/news/1471456792957b0c237dc913.jpg', 'Mata, Rooney, Ibra giúp Mourinho cười mãn nguyện ngày ra quân ', '<table align="center" border="0" cellpadding="1" cellspacing="1">\r\n	<tbody>\r\n		<tr>\r\n			<td><img src="http://www.tinthethao365.com.vn/uploads/news/PostImg/2016/08/17/94/957b493e7b9224.jpg" /></td>\r\n		</tr>\r\n		<tr>\r\n			<td>Hart sẽ sớm trở lại. Ảnh: Internet.</td>\r\n		</tr>\r\n	</tbody>\r\n</table>\r\n\r\n<p>Ngay khi Pep Guardiola ch&iacute;nh thức l&ecirc;n nắm quyền dẫn dắt Manchester City, tương lai của Joe Hart trở n&ecirc;n mờ mịt hơn bao giờ hết. Cụ thể, 2 trận đấu ch&iacute;nh thức vừa qua, thủ th&agrave;nh số 1 của s&acirc;n Etihad gần 5 m&ugrave;a giải qua đều phải ngồi dự bị.</p>\r\n\r\n<p>Chứng kiến t&igrave;nh cảnh của Joe Hart, Buffon tỏ ra cảm th&ocirc;ng. Thủ th&agrave;nh tuyển Italia khẳng định:<em>&nbsp;&quot;Joe Hart c&oacute; phong độ ổn định 5 hay 6 năm qua v&agrave; l&agrave; một trong những thủ th&agrave;nh hay nhất thế giới.&nbsp;<strong>De Gea v&agrave; Neuer thực sự qu&aacute; xuất sắc v&agrave;o l&uacute;c n&agrave;y, kế&nbsp;sau đ&oacute;, t&ocirc;i kh&ocirc;ng thấy ai đẳng cấp hơn Joe Hart&nbsp;nữa.&quot;</strong></em></p>\r\n\r\n<p>Buffon cũng tin rằng, Joe Hart sẽ sớm trở lại:&nbsp;<em>&quot;Hart đ&atilde; từng gặp vấn đề n&agrave;y nhiều năm trước v&agrave; khi trở lại, cậu ta đ&atilde; chứng minh được đẳng cấp bản th&acirc;n. Hart&nbsp;sở hữu&nbsp;những kỹ năng tuyệt vời v&agrave; c&oacute; c&aacute; t&iacute;nh mạnh mẽ. Đ&oacute; l&agrave; phẩm chất cần c&oacute; của một thủ m&ocirc;n.&quot;</em></p>\r\n\r\n<p>Nhiều nguồn tin cho hay, Joe Hart đang c&acirc;n nhắc chia tay Man City v&agrave; gia nhập Everton.</p>\r\n', ',,,10,15,19,,,');

-- --------------------------------------------------------

--
-- Table structure for table `tbl_user_admin`
--

CREATE TABLE `tbl_user_admin` (
  `pk_user_id` int(11) NOT NULL,
  `c_username` varchar(200) CHARACTER SET latin1 NOT NULL,
  `c_password` varchar(500) CHARACTER SET latin1 NOT NULL
) ENGINE=InnoDB DEFAULT CHARSET=utf8;

--
-- Dumping data for table `tbl_user_admin`
--

INSERT INTO `tbl_user_admin` (`pk_user_id`, `c_username`, `c_password`) VALUES
(2, 'admin', '202cb962ac59075b964b07152d234b70');

-- --------------------------------------------------------

--
-- Table structure for table `tbl_user_write`
--

CREATE TABLE `tbl_user_write` (
  `pk_user_write_id` int(11) NOT NULL,
  `c_name` varchar(200) NOT NULL,
  `c_img` varchar(200) NOT NULL,
  `c_description` varchar(500) NOT NULL,
  `c_content` text NOT NULL
) ENGINE=InnoDB DEFAULT CHARSET=utf8;

--
-- Dumping data for table `tbl_user_write`
--

INSERT INTO `tbl_user_write` (`pk_user_write_id`, `c_name`, `c_img`, `c_description`, `c_content`) VALUES
(3, 'Lukas Podolski chính thức giã từ đội tuyển', 'http://www.tinthethao365.com.vn/uploads/news/Image/2016/08/18/thumb_957b50ffbbb839.jpg', '1', 'Man United vừa chiêu mộ thành công Paul Pogba khi chấp nhận bỏ ra số tiền kỉ lục 89 triệu bảng.\r\n\r\nDĩ nhiên, NHM Premier League đang rất phấn khích chờ đợi những màn trình diễn đẳng cấp của Pogba.\r\n\r\nCòn Paul Parker thì tỏ ra rất lo ngại về cách dùng Pogba của HLV Jose Mourinho.\r\n\r\nPaul Parker lên tiếng: "Paul Pogba có thể chơi tốt như Roy Keane hay Bryan Robson? Tôi băn khoăn về vị trí mà cậu ấy sẽ chơi nơi hàng tiền vệ Man United.\r\n\r\nTôi lo lắng về những pha tắc bóng của Pogba, bởi cậu ấy thiếu đi sự điềm tĩnh. Cậu ấy cũng không hề nhanh nhẹn. Đó sẽ là vấn đề.\r\n\r\nNếu để Pogba chơi ở vị trí tiền vệ phòng ngự thì rất lãng phí, bởi cậu ấy không phải là một Makelele hay thậm chí là John Obi Mikel, bởi một điều là Mikel có thể nhanh chóng áp sát và khóa chặt cầu thủ đối phương.\r\n\r\nPogba có thể lên tấn công, ghi bàn hay chuyền bóng. Nhưng khi trận đấu diễn ra với nhịp độ cao, cậu ấy sẽ chơi không tốt khi phải lùi sâu. Chúng ta có thể thấy ở EURO 2016, cậu ấy không còn là chính mình khi Pháp không có bóng.\r\n\r\nBởi thế, khi United không có bóng, Pogba sẽ là được gì? Bạn cũng không thể đặt niềm tin vào Fellaini hay Rooney ở vai trò này được."\r\n\r\nDù sao, NHM Quỷ đỏ vẫn có thể tin tưởng vào Paul Pogba sau những gì rất tuyệt vời anh làm ở Juventus.'),
(4, 'Có Rashford, Ibrahimovic sẽ lại càng nguy hiểm hơn', 'public/upload/news/14712608091.jpg', '2', '“Rooney quá thừa cân và chậm chạp, cậu ấy không xứng với vị trí chính thức trong đội hình của Manchester United,” Paul Parker - người từng giành 2 danh hiệu Premier League cùng Quỷ đỏ chia sẻ trên trang 888.\r\n\r\nÔng nói thêm: “Đây sẽ là mùa giải quyết định của Rooney, bởi anh có thể kết thúc sự nghiệp ở Manchester United. Cậu ấy cần thể hiện được giá trị và đóng góp cho đội bóng nhiều hơn thay vì danh tiếng của mình.”\r\n\r\n\r\nRooney đang khá chậm chạp và ảnh hưởng đến lối chơi Man Utd. Ảnh: Internet.\r\nMặc dù, đội trưởng tuyển Anh đã đóng góp 1 bàn trong chiến thắng 3-1 ở trận mở màn Premier League với Bournemouth. Nhưng Rooney đã sa sút rất nhiều và nhận khá nhiều chỉ trích từ giới chuyên môn và người hâm mộ. Anh vẫn được Mourinho tin dùng nhưng nếu cứ thể hiện phong độ như vậy thì tương lai của anh sẽ không được bảo đảm ở đội bóng thành Manchester.\r\n\r\nCựu cầu thủ Everton đã ghi được 246 bàn thắng kể từ khi chuyển đến Old Trafford từ Goodison Park vào năm 2004 và đứng thứ hai trong danh sách những chân sút vĩ đại nhất mọi thời đại của câu lạc bộ, chỉ sau Sir Bobby Charlton với 249 lần lập công.'),
(5, 'Phillippe Coutinho và vũ điệu Samba ở xứ sở sương ...', 'public/upload/news/14712609331.jpg', '3', 'HLV Antonio Conte tung ra sân với đội hình mạnh nhất khi đa phần là nòng cốt ở mùa giải trước. Tân binh N''Golo Kante cũng được xuất phát ngay từ đầu khi đá cặp cùng Nemanja Matic ở trung tâm hàng tiền vệ. Trong khi đó, HLV Slaven Bilic của West Ham cất ngôi sao sáng giá nhất Dimitri Payet trên băng ghế dự bị vì vẫn còn trong giai đoạn hồi phục thể lực sau EURO 2016.\r\n\r\nNgay phút thứ 3, Kante đã lãnh ngay thẻ vàng sau tình huống phạm lỗi với Andy Carroll. Dù được đá sân nhà nhưng Chelsea là đội bị đẩy lui về phần sân nhà trong những phút đầu trận. Phải đến sau phút thứ 10, thế trận mới diễn ra cân bằng hơn.\r\n\r\nChelsea liên tục có những tình huống hãm thành nhưng đều không chiến thắng được hàng thủ kín kẽ của West Ham và thủ thành Adrian. Conte ra lệnh cho các học trò phải chơi áp sát ngay trên phần sân đối phương, thậm chí là phải phạm lỗi để bẻ gãy lối chơi của West Ham.\r\n\r\nSau những nỗ lực không biết mệt mỏi, Chelsea được hưởng quả ngọt đầu tiên sau tính huống 11m thành công của Eden Hazard phút 47. Trước đó, Azpilicueta bị Michal Antonio phạm lỗi trong vòng cấm.\r\n\r\nNhững phút sau đó, Chelsea vẫn là đội chơi lấn lướt. Các cầu thủ West Ham không thể tấn công trước sức ép khủng khiếp ngay trên phần sân nhà. Bên ngoài đường biên, Conte liên tục hò hét tiếp thêm sức mạnh cho các học trò.\r\n\r\nTung Payet vào sân, nhưng người đem lại bàn thắng gỡ hoà bất ngờ cho West Ham lại là trung vệ Collins sau pha hỗn loạn trước khung thành Courtois.\r\n\r\nNhững tưởng trận đấu sẽ khép lại với tỉ số hoà thì đúng phút 90, Diego Costa có pha đi bóng dũng mãnh và dứt điểm chéo góc đem về chiến thắng đầu tiên cho Chelsea tại Premier League. Trước đó, tiền đạo người TBN chẳng để lại dấu ấn nào đáng kể ngoài những cãi vả với trọng tài Anthony Taylor và đồng đội Matic.\r\n\r\nThắng trận đầu tiên, HLV Conte cũng như Pep Guardiola đã thấu hiểu mức độ khắc nghiệt tại Premier League là thế nào.\r\n\r\nChung cuộc: Chelsea 2-1 West Ham'),
(6, 'Arsenal vẫn chưa hết hy vọng với Mustafi', 'public/upload/news/14712971861.jpg', '4', 'Nghỉ 1 tháng, Ramsey khiến Wenger thấp thỏm. Theo các thông tin từ phòng y tế Arsenal, Aaron Ramsey sẽ nghỉ trong giai đoạn đầu của mùa giải năm nay.\r\n\r\nConte lột mặt nạ Chelsea. HLV Antonio Conte hẳn đã thấu hiểu Premier League khắc nghiệt đến thế nào sau khi chứng kiến đội nhà giành chiến thắng chật vật trước West Ham tại Stamford Bridge.\r\n\r\nArsenal vẫn chưa hết hy vọng với Mustafi. Arsenal vẫn chưa từ bỏ hy vọng có được Shkodran Mustafi mặc dù nhiều báo cáo cho thấy những lời đề nghị gần đây của họ đến Valencia đều bị từ chối thẳng thừng.\r\n\r\nEverton đón tân binh 25 triệu bảng. Everton đã chính thức chiêu mộ thành công tiền vệ Yannick Bolasie từ Crystal Palace với mức phí chuyển nhượng 25 triệu bảng.\r\n\r\nPep Guardiola thẳng tay loại bỏ Yaya Toure ở Man City. Tương lai của Yaya Toure tại Man City đang trở nên bấp bênh hơn bao giờ hết khi bị HLV Pep Guardiola loại khỏi danh sách đăng ký 2 trận đấu chính thức liên tiếp.\r\n\r\nFabregas bất ngờ "đi đêm" với Real. Tờ Sport (TBN) đưa tin, Cesc Fabregas đã bí mật nhờ người đại diện liên hệ với chủ tịch Florentino Perez để đề nghị chuyển tới khoác áo Real Madrid ngay trong kì chuyển nhượng hè. Hiện tại, tiền vệ 29 tuổi không nằm trong kế hoạch của tân HLV Antonio Conte ở Chelsea.\r\n\r\nMourinho thay đổi số phận Juan Mata, Daley Blind sau trận thắng Bournemouth. Sau chiến thắng 3-1 trước Bournemouth, có 2 cầu thủ Man United Juan Mata và Daley Blind có thể yên tâm là họ tạm thời thoát khỏi nguy cơ bị Jose Mourinho loại bỏ khỏi kế hoạch của mình ở Man United ngay mùa Hè này.\r\n\r\n‘Quên Top 4 đi, Moreno có thể khiến Liverpool... xuống hạng’. Sau màn trình diễn tệ hại ở chiến thắng của Liverpool trước Arsenal, Alberto Moreno đã bị các chuyên gia bóng đá Anh chỉ trích thậm tệ.'),
(7, 'CỰC SỐC: Man City điền tên John Stones dự Champions League', 'public/upload/news/14712977571.jpg', '5', 'Những tháng hè vừa qua là một khoảng thời gian tuyệt đẹp với Luis Nani. Tiền vệ một thời của Sporting Lisbon và Manchester United đã cùng ĐT Bồ Đào Nha giành chức vô địch EURO lịch sử trên đất Pháp. Bản thân cầu thủ 29 tuổi cũng có cho mình 3 bàn thắng ở giải đấu đó, và anh còn được đeo băng đội trưởng trong trận chung kết với ĐT Pháp.\r\n\r\nTrận chung kết EURO 2016 là một kỉ niệm đáng nhớ với Nani và ĐT Bồ Đào Nha. Trận đấu mới chỉ diễn ra được 25 phút nhưng Bồ Đào Nha đã mất siêu sao Cristiano Ronaldo vì chấn thương. CR7 bị đau sau pha vào bóng của Payet bên phía ĐT Pháp. Dù đã cố thi đấu nhưng Ronaldo vẫn phải rời sân sau đó và nhường tấm băng đội trưởng lại cho Nani.\r\n\r\n\r\nNani đã thay thế Ronaldo dẫn dắt ĐT Bồ Đào Nha giành chức vô địch EURO. Ảnh: Internet.\r\nNani cho biết anh đã làm tròn nghĩa vụ của người đội trưởng khi thay thế người đồng đội bị chấn thương Cristiano Ronaldo: “Đó là một cảm giác kì lạ khi Cristiano rời sân, bởi tôi đã rất thất vọng khi đội bóng mất đi người đội trưởng cũng như cầu thủ xuất sắc nhất. Nhưng ngay sau đó, tôi phải lấy lại tinh thần và giúp đội bóng, cố gắng giúp mọi người lấy lại sự tự tin và động lực để tiến lên. Tôi phải làm việc của mình. Tôi phải làm tròn nghĩa vụ của người đội trưởng.”\r\n\r\n“Sự khác biệt là tôi phải quát tháo các đồng đội, các cầu thủ trẻ để tiếp thêm động lực cho họ. Thật tuyệt vời. Chúng tôi đã giành chiến thắng, và nó đã trở thành lịch sử. Đó chính là những gì mà chúng tôi sẽ không thể nào quên. Điều đó chỉ diễn ra một lần trong đời,” Nani trải lòng.\r\n\r\nNhững nỗ lực của Nani và các đồng đội đã được đền đáp xứng đáng. Tiền đạo vào sân thay người Eder đã ghi bàn thắng duy nhất ở hiệp phụ, qua đó mang về chiến thắng 1-0 cho ĐT Bồ Đào Nha. Đây cũng là chức vô địch EURO đầu tiên trong lịch sử đất nước thuộc bán đảo Iberia này, và cũng là lần đầu tiên những Ronaldo, Nani đạt được một danh hiệu cùng ĐTQG.\r\n\r\nGiành chức vô địch EURO cũng là khoảnh khắc tuyệt vời nhất trong sự nghiệp của Nani. Anh cho biết: “Đó là điều tuyệt vời nhất trong sự nghiệp của tôi, bởi chúng tôi đã giành chức vô địch cho đất nước mình. Mọi cầu thủ đều muốn đem về điều gì đó cho tổ quốc. Cái cách người dân Bồ Đào Nha sống trong chiến thắng thật tuyệt vời, và cảm xúc họ đem đến cho chúng tôi khi chúng tôi trở về thật không thể tin nổi."\r\n\r\n"Chúng tôi đã chứng minh những ngờ vực về đội bóng là sai lầm. Chúng tôi đã hòa 3 trận, nhưng chúng tôi đã quyết đoán ở thời khắc quan trọng nhất,” Nani tự hào.'),
(8, 'Fernando Torres: Liverpool đã phản bội tôi', 'http://www.tinthethao365.com.vn/uploads/news/Image/2016/08/18/thumb_957b50ffbbb839.jpg\r\n', '6', 'Vào những ngày cuối cùng của kì chuyển nhượng mùa đông năm 2011, Fernando Torres đã trở thành cầu thủ đắt giá nhất Premier League sau khi rời Liverpool để tới Chelsea. Sau 3 năm ở Chelsea, El Nino ghi được 45 bàn sau 172 trận và giành được 3 danh hiệu, một trong số đó là chiếc cúp Champions League danh giá vào mùa bóng 2011/12.\r\n\r\nMới đây, tiền đạo người Tây Ban Nha đã tiết lộ với với giới truyền thông về sự thật đằng sau bản hợp đồng đắt giá nhất Ngoại hạng Anh lúc bấy giờ. Torres cho rằng anh không phải người đã phản bội Liverpool mà chính các lãnh đạo của The Kop đã phản bội lại lòng tin của anh.\r\n\r\n\r\nTorres đã trải qua 3 năm đáng thất vọng ở Chelsea. Ảnh: Internet.\r\nTrở lại năm 2011, Liverpool lúc đó bị thâu tóm bởi tập đoàn Fenway (FSG), họ đã tái cấu trúc lại CLB này bằng cách bổ nhiệm Damien Comolli và thay thế Roy Hodgson bằng Kenny Dalglish trên ghế HLV.\r\n\r\nTrong khoảng thời gian này, Comolli đã tiết lộ cho tiền đạo đang thi đấu cho Atletico Madrid rằng tập đoàn FSG đang có những kế hoạch mới về việc đầu tư cho đội bóng. Cụ thể hơn, các ông chủ mới của Liverpool muốn ưu tiên mang về những tài năng trẻ và Torres chính là vật thế thần cho những kế hoạch đó.\r\n\r\n"Họ muốn mang về những cầu thủ trẻ trung hơn để xây dựng lại một Liverpool hoàn toàn mới. Và tôi đã nghĩ, một kế hoạch như này phải mất 3, 4 năm hoặc thậm chí cả 10 năm. Tôi đã 27 tuổi rồi, tôi không còn nhiều thời gian để chờ đợi kế hoạch đó. Tôi muốn giành được những danh hiệu.\r\n\r\nVà giờ thì đã 5 năm trôi qua, Liverpool lúc này vẫn đang xây dựng đội hình. Họ vẫn cứ dậm chân mãi một chỗ y như ngày tôi ra đi."\r\n\r\nFernando Torres tiết lộ anh đã có cuộc nói chuyện với Kenny Dalglish về khả năng ra đi, nhưng chỉ sau khi Liverpool đã đàm phán riêng với Chelsea. Cựu cầu thủ Liverpool cho rằng đội bóng đã cố tình làm lộ thông tin anh muốn đến Chelsea trước khi vụ chuyển nhượng được công bố để đổ hết tội lỗi lên mình.\r\n\r\n"Liverpool đã không dám thừa nhận những điều sai trái mà họ đã làm với các cầu thủ. Họ cần một kẻ chịu tội thay," Torres kết thúc bài phỏng vấn của mình.');

--
-- Indexes for dumped tables
--

--
-- Indexes for table `tbl_adv`
--
ALTER TABLE `tbl_adv`
  ADD PRIMARY KEY (`pk_adv_id`);

--
-- Indexes for table `tbl_category_news_child`
--
ALTER TABLE `tbl_category_news_child`
  ADD PRIMARY KEY (`pk_category_news_child_id`);

--
-- Indexes for table `tbl_category_news_parent`
--
ALTER TABLE `tbl_category_news_parent`
  ADD PRIMARY KEY (`pk_category_news_parent_id`);

--
-- Indexes for table `tbl_featured_news`
--
ALTER TABLE `tbl_featured_news`
  ADD PRIMARY KEY (`pk_featured_news_id`);

--
-- Indexes for table `tbl_news`
--
ALTER TABLE `tbl_news`
  ADD PRIMARY KEY (`pk_news_id`);

--
-- Indexes for table `tbl_user_admin`
--
ALTER TABLE `tbl_user_admin`
  ADD PRIMARY KEY (`pk_user_id`);

--
-- Indexes for table `tbl_user_write`
--
ALTER TABLE `tbl_user_write`
  ADD PRIMARY KEY (`pk_user_write_id`);

--
-- AUTO_INCREMENT for dumped tables
--

--
-- AUTO_INCREMENT for table `tbl_adv`
--
ALTER TABLE `tbl_adv`
  MODIFY `pk_adv_id` int(11) NOT NULL AUTO_INCREMENT, AUTO_INCREMENT=6;
--
-- AUTO_INCREMENT for table `tbl_category_news_child`
--
ALTER TABLE `tbl_category_news_child`
  MODIFY `pk_category_news_child_id` int(11) NOT NULL AUTO_INCREMENT, AUTO_INCREMENT=29;
--
-- AUTO_INCREMENT for table `tbl_category_news_parent`
--
ALTER TABLE `tbl_category_news_parent`
  MODIFY `pk_category_news_parent_id` int(11) NOT NULL AUTO_INCREMENT, AUTO_INCREMENT=21;
--
-- AUTO_INCREMENT for table `tbl_featured_news`
--
ALTER TABLE `tbl_featured_news`
  MODIFY `pk_featured_news_id` int(11) NOT NULL AUTO_INCREMENT, AUTO_INCREMENT=9;
--
-- AUTO_INCREMENT for table `tbl_news`
--
ALTER TABLE `tbl_news`
  MODIFY `pk_news_id` int(11) NOT NULL AUTO_INCREMENT, AUTO_INCREMENT=33;
--
-- AUTO_INCREMENT for table `tbl_user_admin`
--
ALTER TABLE `tbl_user_admin`
  MODIFY `pk_user_id` int(11) NOT NULL AUTO_INCREMENT, AUTO_INCREMENT=3;
--
-- AUTO_INCREMENT for table `tbl_user_write`
--
ALTER TABLE `tbl_user_write`
  MODIFY `pk_user_write_id` int(11) NOT NULL AUTO_INCREMENT, AUTO_INCREMENT=9;
/*!40101 SET CHARACTER_SET_CLIENT=@OLD_CHARACTER_SET_CLIENT */;
/*!40101 SET CHARACTER_SET_RESULTS=@OLD_CHARACTER_SET_RESULTS */;
/*!40101 SET COLLATION_CONNECTION=@OLD_COLLATION_CONNECTION */;
